No,Nomor Transaksi,Nama Pengguna,Nomor Telepon,Email,Level Pengguna,Quantity,Total Pembelian,Status,Metode Pembayaran,Waktu Transaksi
1,VGN0000001130,farid memberre,'1234567890,pulsasmart2@gmail.com,Member,1,910,failed,Saldo,20-01-2024 04:23:34
2,VGN0000001127,farid memberre,'1234567890,pulsasmart2@gmail.com,Member,1,910,success,BCA-M,20-01-2024 04:14:32
3,VGN0000001126,farid memberre,'1234567890,pulsasmart2@gmail.com,Member,1,910,success,Saldo,20-01-2024 04:01:51
4,VGN0000001125,farid memberre,'1234567890,pulsasmart2@gmail.com,Member,1,910,success,Saldo,20-01-2024 03:38:34
5,VGN0000001121,farid memberre,'1234567890,pulsasmart2@gmail.com,Member,1,10010,success,Saldo,20-01-2024 02:47:39
6,VGN0000001120,farid memberre,'1234567890,pulsasmart2@gmail.com,Member,1,910,waiting,Saldo,20-01-2024 02:39:37
7,VGN0000001119,farid memberre,'1234567890,pulsasmart2@gmail.com,Member,1,910,waiting,Saldo,20-01-2024 02:28:32
8,VGN0000001114,farid memberre,'1234567890,pulsasmart2@gmail.com,Member,1,910,success,Saldo,19-01-2024 23:02:47
9,VGN0000001112,farid memberre,'1234567890,pulsasmart2@gmail.com,Member,1,7530,success,Saldo,19-01-2024 23:00:18
10,VGN0000001108,farid memberre,'1234567890,pulsasmart2@gmail.com,Member,1,7530,success,Saldo,11-01-2024 23:12:17
11,VGN0000001042,farid memberre,'1234567890,pulsasmart2@gmail.com,Member,1,7490,success,Saldo,11-01-2024 18:59:33
12,VGN0000001040,farid memberre,'1234567890,pulsasmart2@gmail.com,Member,1,7490,success,Saldo,11-01-2024 18:58:52
13,VGN0000001038,farid memberre,'1234567890,pulsasmart2@gmail.com,Member,1,7295,success,Saldo,11-01-2024 18:57:46
14,VGN0000001036,farid memberre,'1234567890,pulsasmart2@gmail.com,Member,1,7295,success,Saldo,11-01-2024 18:57:00
15,VGN0000001034,farid memberre,'1234567890,pulsasmart2@gmail.com,Member,1,7573,success,Saldo,11-01-2024 18:55:37
16,VGN0000001032,farid memberre,'1234567890,pulsasmart2@gmail.com,Member,1,7573,success,Saldo,11-01-2024 18:54:27
17,VGN0000001030,farid memberre,'1234567890,pulsasmart2@gmail.com,Member,1,8047,success,Saldo,11-01-2024 18:51:47
18,VGN0000001028,farid memberre,'1234567890,pulsasmart2@gmail.com,Member,1,7533,success,Saldo,11-01-2024 18:47:34
19,VGN0000001026,farid memberre,'1234567890,pulsasmart2@gmail.com,Member,1,15035,success,Saldo,11-01-2024 00:04:06
20,VGN0000001024,farid memberre,'1234567890,pulsasmart2@gmail.com,Member,1,15035,success,Saldo,11-01-2024 00:03:08
21,VGN0000001022,farid memberre,'1234567890,pulsasmart2@gmail.com,Member,1,15140,success,Saldo,11-01-2024 00:00:25
22,VGN0000001020,farid memberre,'1234567890,pulsasmart2@gmail.com,Member,1,15140,success,Saldo,10-01-2024 23:59:28
23,VGN0000001019,farid memberre,'1234567890,pulsasmart2@gmail.com,Member,1,14995,success,BRI - D,10-01-2024 23:55:34
24,VGN0000001018,farid memberre,'1234567890,pulsasmart2@gmail.com,Member,1,14995,success,BRI - D,10-01-2024 23:55:17
25,VGN0000001017,farid memberre,'1234567890,pulsasmart2@gmail.com,Member,1,14589,success,BRI - D,10-01-2024 23:53:42
26,VGN0000001016,farid memberre,'1234567890,pulsasmart2@gmail.com,Member,1,14589,success,BRI - D,10-01-2024 23:53:12
27,VGN0000001015,farid memberre,'1234567890,pulsasmart2@gmail.com,Member,1,15146,success,BRI - D,10-01-2024 23:51:27
28,VGN0000001014,farid memberre,'1234567890,pulsasmart2@gmail.com,Member,1,15146,success,BRI - D,10-01-2024 23:50:58
29,VGN0000001013,farid memberre,'1234567890,pulsasmart2@gmail.com,Member,1,16544,success,BRI - D,10-01-2024 23:49:03
30,VGN0000001012,farid memberre,'1234567890,pulsasmart2@gmail.com,Member,1,16544,success,BRI - D,10-01-2024 23:48:35
31,VGN0000001011,farid memberre,'1234567890,pulsasmart2@gmail.com,Member,1,14928,success,BRI - D,10-01-2024 23:43:15
32,VGN0000001010,farid memberre,'1234567890,pulsasmart2@gmail.com,Member,1,14928,success,BRI - D,10-01-2024 23:42:36
33,VGN0000001009,farid memberre,'1234567890,pulsasmart2@gmail.com,Member,1,15141,success,BRI - D,10-01-2024 23:41:01
34,VGN0000001008,farid memberre,'1234567890,pulsasmart2@gmail.com,Member,1,15141,success,BRI - D,10-01-2024 23:40:32
35,VGN0000001007,farid memberre,'1234567890,pulsasmart2@gmail.com,Member,1,7498,success,BCA-M,10-01-2024 23:34:26
36,VGN0000001006,farid memberre,'1234567890,pulsasmart2@gmail.com,Member,1,7498,success,BCA-M,10-01-2024 23:33:40
37,VGN0000001005,farid memberre,'1234567890,pulsasmart2@gmail.com,Member,1,7069,success,BCA-M,10-01-2024 23:32:35
38,VGN0000001004,farid memberre,'1234567890,pulsasmart2@gmail.com,Member,1,7069,success,BCA-M,10-01-2024 23:31:33
39,VGN0000001003,farid memberre,'1234567890,pulsasmart2@gmail.com,Member,1,7573,success,BCA-M,10-01-2024 23:30:35
40,VGN0000001002,farid memberre,'1234567890,pulsasmart2@gmail.com,Member,1,7573,success,BCA-M,10-01-2024 23:29:40
41,VGN0000001001,farid memberre,'1234567890,pulsasmart2@gmail.com,Member,1,8272,success,BCA-M,10-01-2024 23:28:38
42,VGN0000001000,farid memberre,'1234567890,pulsasmart2@gmail.com,Member,1,8272,success,BCA-M,10-01-2024 23:27:07
43,VGN0000000999,farid memberre,'1234567890,pulsasmart2@gmail.com,Member,1,6520,success,BCA-M,10-01-2024 23:25:51
44,VGN0000000998,farid memberre,'1234567890,pulsasmart2@gmail.com,Member,1,6520,success,BCA-M,10-01-2024 23:25:17
45,VGN0000000997,farid memberre,'1234567890,pulsasmart2@gmail.com,Member,1,7620,success,BCA-M,10-01-2024 23:24:28
46,VGN0000000996,farid memberre,'1234567890,pulsasmart2@gmail.com,Member,1,7620,success,BCA-M,10-01-2024 23:22:07
47,VGN0000000932,farid memberre,'1234567890,pulsasmart2@gmail.com,Member,1,10070,cancel,BRI - D,09-01-2024 22:12:13
48,VGN0000000922,farid memberre,'1234567890,pulsasmart2@gmail.com,Member,1,7573,success,Saldo,09-01-2024 19:37:05
49,VGN0000000920,farid memberre,'1234567890,pulsasmart2@gmail.com,Member,1,7573,success,Saldo,09-01-2024 19:32:51
50,VGN0000000919,farid memberre,'1234567890,pulsasmart2@gmail.com,Member,1,10020,cancel,BRI - D,09-01-2024 19:29:41
51,VGN0000000918,farid memberre,'1234567890,pulsasmart2@gmail.com,Member,1,8510,expired,BCA-M,09-01-2024 19:29:10
52,VGN0000000917,farid memberre,'1234567890,pulsasmart2@gmail.com,Member,2,14980,cancel,BRI - D,09-01-2024 19:27:50
53,VGN0000000916,farid memberre,'1234567890,pulsasmart2@gmail.com,Member,2,15086,cancel,BRI - D,09-01-2024 19:26:39
54,VGN0000000915,farid memberre,'1234567890,pulsasmart2@gmail.com,Member,1,7468,success,BCA-M,09-01-2024 19:24:59
55,VGN0000000881,farid memberre,'1234567890,pulsasmart2@gmail.com,Member,1,8503,cancel,Saldo,08-01-2024 21:45:08
56,VGN0000000880,farid memberre,'1234567890,pulsasmart2@gmail.com,Member,1,19860,expired,BCA-M,08-01-2024 21:44:05
57,VGN0000000878,farid memberre,'1234567890,pulsasmart2@gmail.com,Member,1,19860,cancel,BRI - D,08-01-2024 21:41:55
58,VGN0000000877,farid memberre,'1234567890,pulsasmart2@gmail.com,Member,1,19860,expired,BCA-M,08-01-2024 21:40:11
59,VGN0000000876,farid memberre,'1234567890,pulsasmart2@gmail.com,Member,1,9930,expired,BCA-M,08-01-2024 21:39:46
60,VGN0000000875,farid memberre,'1234567890,pulsasmart2@gmail.com,Member,2,19860,cancel,BRI - D,08-01-2024 18:53:02
61,VGN0000000874,farid memberre,'1234567890,pulsasmart2@gmail.com,Member,1,9931,cancel,BCA-M,08-01-2024 18:50:25
62,VGN0000000873,farid memberre,'1234567890,pulsasmart2@gmail.com,Member,1,19960,cancel,BRI - D,08-01-2024 18:19:38
63,VGN0000000869,farid memberre,'1234567890,pulsasmart2@gmail.com,Member,1,19960,cancel,BRI - D,08-01-2024 18:10:43
64,VGN0000000867,farid memberre,'1234567890,pulsasmart2@gmail.com,Member,1,19960,cancel,BRI - D,08-01-2024 18:09:34
65,VGN0000000865,farid memberre,'1234567890,pulsasmart2@gmail.com,Member,1,22000,cancel,BRI - D,08-01-2024 18:08:01
66,VGN0000000864,farid memberre,'1234567890,pulsasmart2@gmail.com,Member,2,16544,cancel,BRI - D,08-01-2024 18:07:35
67,VGN0000000863,farid memberre,'1234567890,pulsasmart2@gmail.com,Member,1,20010,cancel,BRI - D,08-01-2024 18:05:58
68,VGN0000000862,farid memberre,'1234567890,pulsasmart2@gmail.com,Member,2,15050,cancel,BRI - D,08-01-2024 18:05:14
69,VGN0000000857,farid memberre,'1234567890,pulsasmart2@gmail.com,Member,2,17040,expired,BCA-M,08-01-2024 17:57:31
70,VGN0000000856,farid memberre,'1234567890,pulsasmart2@gmail.com,Member,1,12000,expired,BCA-M,08-01-2024 17:57:17
71,VGN0000000851,farid memberre,'1234567890,pulsasmart2@gmail.com,Member,1,20020,expired,BCA-M,08-01-2024 00:28:35
72,VGN0000000848,farid memberre,'1234567890,pulsasmart2@gmail.com,Member,1,10224,expired,BCA-M,08-01-2024 00:24:20
73,VGN0000000846,farid memberre,'1234567890,pulsasmart2@gmail.com,Member,1,8540,success,BCA-M,08-01-2024 00:21:38
74,VGN0000000843,farid memberre,'1234567890,pulsasmart2@gmail.com,Member,1,19960,success,Saldo,08-01-2024 00:12:58
75,VGN0000000841,farid memberre,'1234567890,pulsasmart2@gmail.com,Member,1,18000,success,Saldo,08-01-2024 00:11:40
76,VGN0000000839,farid memberre,'1234567890,pulsasmart2@gmail.com,Member,1,22000,success,Saldo,08-01-2024 00:10:30
77,VGN0000000837,farid memberre,'1234567890,pulsasmart2@gmail.com,Member,1,8520,success,Saldo,08-01-2024 00:09:08
78,VGN0000000835,farid memberre,'1234567890,pulsasmart2@gmail.com,Member,1,19985,success,Saldo,08-01-2024 00:07:36
79,VGN0000000833,farid memberre,'1234567890,pulsasmart2@gmail.com,Member,1,20010,success,Saldo,08-01-2024 00:04:51
80,VGN0000000831,farid memberre,'1234567890,pulsasmart2@gmail.com,Member,1,8520,success,Saldo,08-01-2024 00:03:39
81,VGN0000000823,farid memberre,'1234567890,pulsasmart2@gmail.com,Member,1,20010,success,Saldo,07-01-2024 23:06:35
82,VGN0000000821,farid memberre,'1234567890,pulsasmart2@gmail.com,Member,1,8520,success,Saldo,07-01-2024 23:04:43
83,VGN0000000819,farid memberre,'1234567890,pulsasmart2@gmail.com,Member,2,14980,success,Saldo,07-01-2024 23:02:19
84,VGN0000000817,farid memberre,'1234567890,pulsasmart2@gmail.com,Member,1,7144,success,Saldo,07-01-2024 23:00:31
85,VGN0000000815,farid memberre,'1234567890,pulsasmart2@gmail.com,Member,2,16544,success,Saldo,07-01-2024 22:59:03
86,VGN0000000813,farid memberre,'1234567890,pulsasmart2@gmail.com,Member,1,7520,success,Saldo,07-01-2024 22:57:58
87,VGN0000000812,farid memberre,'1234567890,pulsasmart2@gmail.com,Member,2,15040,waiting,BRI - D,07-01-2024 22:57:23
88,VGN0000000811,farid memberre,'1234567890,pulsasmart2@gmail.com,Member,2,15040,waiting,BCA-M,07-01-2024 22:57:00
89,VGN0000000809,farid memberre,'1234567890,pulsasmart2@gmail.com,Member,2,14040,success,Saldo,07-01-2024 22:54:19
90,VGN0000000807,farid memberre,'1234567890,pulsasmart2@gmail.com,Member,1,7720,success,Saldo,07-01-2024 22:52:19
91,VGN0000000805,farid memberre,'1234567890,pulsasmart2@gmail.com,Member,1,7520,success,Saldo,07-01-2024 22:50:41
92,VGN0000000804,farid memberre,'1234567890,pulsasmart2@gmail.com,Member,1,80279,cancel,BRI - D,07-01-2024 22:40:08
93,VGN0000000803,farid memberre,'1234567890,pulsasmart2@gmail.com,Member,1,80279,cancel,BCA-M,07-01-2024 22:39:38
94,VGN0000000802,farid memberre,'1234567890,pulsasmart2@gmail.com,Member,1,72468,cancel,BRI - D,07-01-2024 22:38:01
95,VGN0000000801,farid memberre,'1234567890,pulsasmart2@gmail.com,Member,1,72468,expired,BCA-M,07-01-2024 22:37:35
96,VGN0000000800,farid memberre,'1234567890,pulsasmart2@gmail.com,Member,1,99572,cancel,BRI - D,07-01-2024 22:33:24
97,VGN0000000799,farid memberre,'1234567890,pulsasmart2@gmail.com,Member,1,11000,expired,BCA-M,07-01-2024 22:32:14
98,VGN0000000798,farid memberre,'1234567890,pulsasmart2@gmail.com,Member,1,299950,cancel,BRI - D,07-01-2024 22:30:43
99,VGN0000000797,farid memberre,'1234567890,pulsasmart2@gmail.com,Member,1,499950,cancel,BCA-M,07-01-2024 22:30:20
100,VGN0000000796,farid memberre,'1234567890,pulsasmart2@gmail.com,Member,1,20100,cancel,BRI - D,07-01-2024 22:29:04
101,VGN0000000795,farid memberre,'1234567890,pulsasmart2@gmail.com,Member,1,10100,expired,BCA-M,07-01-2024 22:28:22
102,VGN0000000794,farid memberre,'1234567890,pulsasmart2@gmail.com,Member,2,15145,cancel,BRI - D,07-01-2024 22:21:29
103,VGN0000000793,farid memberre,'1234567890,pulsasmart2@gmail.com,Member,2,15145,expired,BCA-M,07-01-2024 22:21:18
104,VGN0000000792,farid memberre,'1234567890,pulsasmart2@gmail.com,Member,2,14694,cancel,BRI - D,07-01-2024 22:20:31
105,VGN0000000791,farid memberre,'1234567890,pulsasmart2@gmail.com,Member,2,14694,expired,BCA-M,07-01-2024 22:20:19
106,VGN0000000790,farid memberre,'1234567890,pulsasmart2@gmail.com,Member,2,14995,cancel,BRI - D,07-01-2024 22:17:14
107,VGN0000000789,farid memberre,'1234567890,pulsasmart2@gmail.com,Member,2,14995,expired,BCA-M,07-01-2024 22:11:02
108,VGN0000000784,farid memberre,'1234567890,pulsasmart2@gmail.com,Member,2,14995,cancel,BRI - D,07-01-2024 10:22:01
109,VGN0000000780,farid memberre,'1234567890,pulsasmart2@gmail.com,Member,2,15040,cancel,BRI - D,07-01-2024 03:12:40
110,VGN0000000779,farid memberre,'1234567890,pulsasmart2@gmail.com,Member,2,15040,expired,BCA-M,07-01-2024 03:09:07
111,VGN0000000778,farid memberre,'1234567890,pulsasmart2@gmail.com,Member,2,14288,cancel,BRI - D,07-01-2024 03:07:31
112,VGN0000000777,farid memberre,'1234567890,pulsasmart2@gmail.com,Member,2,14288,cancel,BCA-M,07-01-2024 03:07:13
113,VGN0000000776,farid memberre,'1234567890,pulsasmart2@gmail.com,Member,2,16544,cancel,BRI - D,07-01-2024 03:05:55
114,VGN0000000775,farid memberre,'1234567890,pulsasmart2@gmail.com,Member,2,16544,cancel,BCA-M,07-01-2024 03:05:36
115,VGN0000000774,farid memberre,'1234567890,pulsasmart2@gmail.com,Member,2,15030,cancel,BRI - D,07-01-2024 03:03:54
116,VGN0000000773,farid memberre,'1234567890,pulsasmart2@gmail.com,Member,2,15030,expired,BCA-M,07-01-2024 03:03:20
117,VGN0000000772,farid memberre,'1234567890,pulsasmart2@gmail.com,Member,2,15050,cancel,BRI - D,07-01-2024 02:54:29
118,VGN0000000771,farid memberre,'1234567890,pulsasmart2@gmail.com,Member,3,22570,expired,BCA-M,07-01-2024 02:53:55
119,VGN0000000730,farid memberre,'1234567890,pulsasmart2@gmail.com,Member,1,8056,success,Saldo,06-01-2024 22:30:48
120,VGN0000000725,farid memberre,'1234567890,pulsasmart2@gmail.com,Member,1,8056,failed,Saldo,06-01-2024 22:29:07
121,VGN0000000723,farid memberre,'1234567890,pulsasmart2@gmail.com,Member,1,7070,success,Saldo,03-01-2024 20:57:33
122,VGN0000000721,farid memberre,'1234567890,pulsasmart2@gmail.com,Member,1,6930,success,Saldo,03-01-2024 20:56:04
123,VGN0000000719,farid memberre,'1234567890,pulsasmart2@gmail.com,Member,1,7000,success,Saldo,03-01-2024 20:54:46
124,VGN0000000713,farid memberre,'1234567890,pulsasmart2@gmail.com,Member,1,53980,waiting,BCA-M,20-12-2023 00:23:22
125,VGN0000000710,farid memberre,'1234567890,pulsasmart2@gmail.com,Member,1,49980,waiting,BCA-M,20-12-2023 00:19:49
126,VGN0000000708,farid memberre,'1234567890,pulsasmart2@gmail.com,Member,1,4998,success,Saldo,20-12-2023 00:11:05
127,VGN0000000706,farid memberre,'1234567890,pulsasmart2@gmail.com,Member,1,50000,success,Saldo,20-12-2023 00:07:50
128,VGN0000000704,farid memberre,'1234567890,pulsasmart2@gmail.com,Member,1,50000,success,Saldo,20-12-2023 00:02:38
129,VGN0000000702,farid memberre,'1234567890,pulsasmart2@gmail.com,Member,1,50000,success,Saldo,20-12-2023 00:01:08
130,VGN0000000700,farid memberre,'1234567890,pulsasmart2@gmail.com,Member,1,50000,success,Saldo,19-12-2023 23:59:48
131,VGN0000000698,farid memberre,'1234567890,pulsasmart2@gmail.com,Member,1,50000,success,Saldo,19-12-2023 23:57:49
132,VGN0000000697,farid memberre,'1234567890,pulsasmart2@gmail.com,Member,1,50010,expired,BCA-M,19-12-2023 22:58:27
133,VGN0000000695,farid memberre,'1234567890,pulsasmart2@gmail.com,Member,1,50000,success,Saldo,19-12-2023 22:20:20
134,VGN0000000693,farid memberre,'1234567890,pulsasmart2@gmail.com,Member,1,50000,success,Saldo,19-12-2023 22:16:26
135,VGN0000000691,farid memberre,'1234567890,pulsasmart2@gmail.com,Member,1,49500,success,Saldo,19-12-2023 22:12:57
136,VGN0000000687,farid memberre,'1234567890,pulsasmart2@gmail.com,Member,1,55000,expired,Alfamart,18-12-2023 23:18:37
137,VGN0000000679,farid memberre,'1234567890,pulsasmart2@gmail.com,Member,1,50010,success,BCA-M,03-12-2023 15:53:27
138,VGN0000000675,farid memberre,'1234567890,pulsasmart2@gmail.com,Member,1,50010,success,BCA-M,03-12-2023 15:50:14
139,VGN0000000672,farid memberre,'1234567890,pulsasmart2@gmail.com,Member,1,50010,success,BCA-M,03-12-2023 15:44:03
140,VGN0000000669,farid memberre,'1234567890,pulsasmart2@gmail.com,Member,1,169025,cancel,BRI-M,03-12-2023 15:26:10
141,VGN0000000668,farid memberre,'1234567890,pulsasmart2@gmail.com,Member,1,50010,success,BCA-M,03-12-2023 15:19:16
142,VGN0000000667,farid memberre,'1234567890,pulsasmart2@gmail.com,Member,1,10010,failed,BCA-M,03-12-2023 15:18:25
143,VGN0000000665,farid memberre,'1234567890,pulsasmart2@gmail.com,Member,1,50000,success,Saldo,03-12-2023 14:27:53
144,VGN0000000658,farid memberre,'1234567890,pulsasmart2@gmail.com,Member,1,50010,success,BCA-M,03-12-2023 00:44:05
145,VGN0000000657,farid memberre,'1234567890,pulsasmart2@gmail.com,Member,1,50010,success,BCA-M,03-12-2023 00:34:20
146,VGN0000000656,farid memberre,'1234567890,pulsasmart2@gmail.com,Member,1,169010,success,BCA-M,03-12-2023 00:33:02
147,VGN0000000655,farid memberre,'1234567890,pulsasmart2@gmail.com,Member,1,50010,success,BCA-M,03-12-2023 00:31:20
148,VGN0000000641,farid memberre,'1234567890,pulsasmart2@gmail.com,Member,1,50010,expired,BCA-M,27-11-2023 21:43:40
149,VGN0000000640,farid memberre,'1234567890,pulsasmart2@gmail.com,Member,1,60010,success,BCA-M,27-11-2023 21:29:09
150,VGN0000000640,farid memberre,'1234567890,pulsasmart2@gmail.com,Member,1,60010,success,BCA-M,27-11-2023 21:29:09
151,VGN0000000639,farid memberre,'1234567890,pulsasmart2@gmail.com,Member,1,60010,cancel,BCA-M,27-11-2023 21:27:51
152,VGN0000000639,farid memberre,'1234567890,pulsasmart2@gmail.com,Member,1,60010,cancel,BCA-M,27-11-2023 21:27:51
153,VGN0000000635,farid memberre,'1234567890,pulsasmart2@gmail.com,Member,2,100000,success,Saldo,26-11-2023 22:01:29
154,VGN0000000633,farid memberre,'1234567890,pulsasmart2@gmail.com,Member,2,100000,success,Saldo,26-11-2023 22:00:00
155,VGN0000000632,farid memberre,'1234567890,pulsasmart2@gmail.com,Member,4,200010,expired,BCA-M,25-11-2023 23:47:10
156,VGN0000000631,farid memberre,'1234567890,pulsasmart2@gmail.com,Member,1,169010,success,BCA-M,25-11-2023 23:39:35
157,VGN0000000630,farid memberre,'1234567890,pulsasmart2@gmail.com,Member,1,10010,failed,BCA-M,25-11-2023 23:37:38
158,VGN0000000629,farid memberre,'1234567890,pulsasmart2@gmail.com,Member,1,50010,success,BCA-M,25-11-2023 23:34:59
159,VGN0000000627,farid memberre,'1234567890,pulsasmart2@gmail.com,Member,1,5000,success,Saldo,25-11-2023 23:32:51
160,VGN0000000624,farid memberre,'1234567890,pulsasmart2@gmail.com,Member,1,10000,failed,Saldo,25-11-2023 23:31:39
161,VGN0000000622,farid memberre,'1234567890,pulsasmart2@gmail.com,Member,1,169000,success,Saldo,25-11-2023 23:28:34
162,VGN0000000619,farid memberre,'1234567890,pulsasmart2@gmail.com,Member,1,10000,failed,Saldo,25-11-2023 23:27:14
163,VGN0000000616,farid memberre,'1234567890,pulsasmart2@gmail.com,Member,1,10000,failed,Saldo,25-11-2023 22:59:42
164,VGN0000000613,farid memberre,'1234567890,pulsasmart2@gmail.com,Member,1,169000,success,Saldo,25-11-2023 22:18:18
165,VGN0000000612,farid memberre,'1234567890,pulsasmart2@gmail.com,Member,1,10000,failed,Saldo,25-11-2023 22:15:46
166,VGN0000000611,farid memberre,'1234567890,pulsasmart2@gmail.com,Member,1,69000,failed,Saldo,25-11-2023 22:13:22
167,VGN0000000610,farid memberre,'1234567890,pulsasmart2@gmail.com,Member,1,69000,failed,Saldo,25-11-2023 22:12:44
168,VGN0000000609,farid memberre,'1234567890,pulsasmart2@gmail.com,Member,1,69000,failed,Saldo,25-11-2023 22:08:53
169,VGN0000000607,farid memberre,'1234567890,pulsasmart2@gmail.com,Member,1,69000,failed,Saldo,25-11-2023 22:04:06
170,VGN0000000608,farid memberre,'1234567890,pulsasmart2@gmail.com,Member,1,169000,success,Saldo,24-11-2023 22:07:14
171,VGN0000000603,farid memberre,'1234567890,pulsasmart2@gmail.com,Member,4,20010,expired,BCA-M,24-11-2023 18:44:06
172,VGN0000000601,farid memberre,'1234567890,pulsasmart2@gmail.com,Member,2,10000,success,Saldo,24-11-2023 18:43:05
173,VGN0000000600,farid memberre,'1234567890,pulsasmart2@gmail.com,Member,1,169010,success,BCA-M,24-11-2023 18:41:13
174,VGN0000000599,farid memberre,'1234567890,pulsasmart2@gmail.com,Member,1,69010,failed,BCA-M,24-11-2023 18:39:56
175,VGN0000000598,farid memberre,'1234567890,pulsasmart2@gmail.com,Member,1,169000,success,Saldo,24-11-2023 18:39:14
176,VGN0000000597,farid memberre,'1234567890,pulsasmart2@gmail.com,Member,1,69000,failed,Saldo,24-11-2023 18:37:07
177,VGN0000000589,farid memberre,'1234567890,pulsasmart2@gmail.com,Member,1,1699000,success,Saldo,23-11-2023 23:20:46
178,VGN0000000588,farid memberre,'1234567890,pulsasmart2@gmail.com,Member,1,169000,success,Saldo,23-11-2023 23:19:38
179,VGN0000000587,farid memberre,'1234567890,pulsasmart2@gmail.com,Member,1,169000,success,Saldo,23-11-2023 23:14:53
180,VGN0000000586,farid memberre,'1234567890,pulsasmart2@gmail.com,Member,1,69000,failed,Saldo,23-11-2023 23:13:38
181,VGN0000000585,farid memberre,'1234567890,pulsasmart2@gmail.com,Member,1,69000,failed,Saldo,23-11-2023 23:12:46
182,VGN0000000584,farid memberre,'1234567890,pulsasmart2@gmail.com,Member,1,169133,waiting,BRI - D,23-11-2023 23:11:18
183,VGN0000000583,farid memberre,'1234567890,pulsasmart2@gmail.com,Member,1,69000,failed,Saldo,23-11-2023 23:10:16
184,VGN0000000582,farid memberre,'1234567890,pulsasmart2@gmail.com,Member,1,69000,failed,Saldo,23-11-2023 22:48:35
185,VGN0000000581,farid memberre,'1234567890,pulsasmart2@gmail.com,Member,1,169000,success,Saldo,23-11-2023 22:47:24
186,VGN0000000580,farid memberre,'1234567890,pulsasmart2@gmail.com,Member,1,69000,failed,Saldo,23-11-2023 22:46:24
187,VGN0000000579,farid memberre,'1234567890,pulsasmart2@gmail.com,Member,1,69000,failed,Saldo,23-11-2023 22:43:55
188,VGN0000000573,farid memberre,'1234567890,pulsasmart2@gmail.com,Member,1,5000,success,Saldo,23-11-2023 21:03:30
189,VGN0000000572,farid memberre,'1234567890,pulsasmart2@gmail.com,Member,1,3924,success,Saldo,23-11-2023 20:50:40
190,VGN0000000571,farid memberre,'1234567890,pulsasmart2@gmail.com,Member,1,1682,success,Saldo,23-11-2023 20:39:02
191,VGN0000000570,farid memberre,'1234567890,pulsasmart2@gmail.com,Member,1,3924,success,Saldo,23-11-2023 20:03:57
192,VGN0000000569,farid memberre,'1234567890,pulsasmart2@gmail.com,Member,1,3924,success,Saldo,23-11-2023 20:03:02
193,VGN0000000564,farid memberre,'1234567890,pulsasmart2@gmail.com,Member,1,1000,success,Saldo,31-10-2023 12:15:55
194,VGN0000000563,farid memberre,'1234567890,pulsasmart2@gmail.com,Member,1,20010,failed,BCA-M,31-10-2023 12:12:09
195,VGN0000000562,farid memberre,'1234567890,pulsasmart2@gmail.com,Member,1,20010,failed,BCA-M,31-10-2023 12:10:36
196,VGN0000000537,farid memberre,'1234567890,pulsasmart2@gmail.com,Member,99,2613600,success,BCA-M,18-10-2023 01:33:37
197,VGN0000000536,farid memberre,'1234567890,pulsasmart2@gmail.com,Member,50,1320000,success,BCA-M,18-10-2023 01:33:07
198,VGN0000000535,farid memberre,'1234567890,pulsasmart2@gmail.com,Member,199,5253600,expired,BCA-M,18-10-2023 01:31:03
199,VGN0000000530,farid memberre,'1234567890,pulsasmart2@gmail.com,Member,99,4707000,success,Saldo,16-10-2023 22:35:22
200,VGN0000000530,farid memberre,'1234567890,pulsasmart2@gmail.com,Member,50,4707000,success,Saldo,16-10-2023 22:35:22
201,VGN0000000530,farid memberre,'1234567890,pulsasmart2@gmail.com,Member,99,4707000,success,Saldo,16-10-2023 22:35:22
202,VGN0000000528,farid memberre,'1234567890,pulsasmart2@gmail.com,Member,1,299000,success,Saldo,16-10-2023 22:28:44
203,VGN0000000526,farid memberre,'1234567890,pulsasmart2@gmail.com,Member,1,299010,success,Saldo,16-10-2023 22:27:29
204,VGN0000000525,farid memberre,'1234567890,pulsasmart2@gmail.com,Member,99,4665100,success,BCA-M,16-10-2023 22:23:32
205,VGN0000000525,farid memberre,'1234567890,pulsasmart2@gmail.com,Member,20,4665100,success,BCA-M,16-10-2023 22:23:32
206,VGN0000000525,farid memberre,'1234567890,pulsasmart2@gmail.com,Member,30,4665100,success,BCA-M,16-10-2023 22:23:32
207,VGN0000000523,farid memberre,'1234567890,pulsasmart2@gmail.com,Member,1,75900,success,Saldo,16-10-2023 22:09:43
208,VGN0000000521,farid memberre,'1234567890,pulsasmart2@gmail.com,Member,50,10945000,success,Saldo,16-10-2023 19:45:59
209,VGN0000000520,farid memberre,'1234567890,pulsasmart2@gmail.com,Member,1,299025,waiting,BRI-M,16-10-2023 19:42:34
210,VGN0000000518,farid memberre,'1234567890,pulsasmart2@gmail.com,Member,1,8800,success,Saldo,16-10-2023 19:27:35
211,VGN0000000516,farid memberre,'1234567890,pulsasmart2@gmail.com,Member,1,8800,success,Saldo,16-10-2023 19:21:13
212,VGN0000000514,farid memberre,'1234567890,pulsasmart2@gmail.com,Member,30,3267000,success,Saldo,16-10-2023 19:12:30
